参数1,日期,价格1,价格5,价格2,价格3,价格4,参数2,参数3,参数4,参数5
2042687,2022年11月22日,67525.82,16649.26095,16315,15616.63,16226.94,53.33%,42.72%,1.92%,2.04%
10044998,2022年11月10日,66947.67,16798.4274,18199,15754.26,17601.15,75.02%,22.77%,0.87%,1.34%
1587062,2022年11月29日,66001.4,17103.8499,16548.71,16100,16442.53,56.02%,40.80%,1.96%,1.22%
1952921,2022年11月23日,65519.11,17120.4978,16706,16160.2,16603.11,59.65%,35.84%,1.87%,2.64%
2038022,2022年11月21日,64882.42,17174.8725,16319,15476,15781.29,49.73%,45.50%,1.90%,2.87%
7432994,2022年11月14日,64774.25,17230.0279,17190,15815.21,16619.46,84.69%,13.67%,0.67%,0.98%
1343897,2022年11月28日,64380.01,17332.35235,16487.04,15995.27,16212.91,58.62%,35.91%,2.43%,3.04%
5387541,2022年12月20日,64280.59,17343.0184,17061.27,16397.2,16895.56,40.79%,52.01%,6.17%,1.03%
1872694,2022年11月30日,64122.22,17347.27005,17249,16428.3,17163.64,76.24%,20.80%,1.67%,1.29%
1546106,2022年11月27日,63606.73,17362.77855,16600,16401,16428.78,52.17%,44.37%,1.75%,1.70%
1706723,2022年11月26日,63273.58,17430.02425,16701.99,16385,16458.57,40.01%,55.15%,1.58%,3.26%
3511609,2023年1月1日,63220.57,17451.56735,16628,16499.01,16616.75,20.83%,77.66%,0.59%,0.91%
3614440,2022年12月29日,63078.78,17457.4226,16664.41,16488.91,16633.47,32.97%,65.19%,0.71%,1.13%
2726992,2022年11月25日,62896.49,17512.52525,16666,16342.81,16522.14,36.70%,60.22%,1.08%,2.00%
2576439,2022年11月24日,62253.7,17516.28105,16812.63,16458.05,16598.95,52.59%,44.59%,1.29%,1.53%
5006815,2022年12月31日,62193.15,17520.8914,16644.09,16470,16542.4,18.52%,80.72%,0.42%,0.34%
3677873,2023年1月2日,62005.6,17531.11435,16799.23,16548.7,16672.87,24.32%,74.21%,0.64%,0.84%
3792051,2022年11月15日,61859.19,17531.6946,17134.69,16527.72,16900.57,59.19%,38.58%,1.18%,1.06%
2951598,2022年12月17日,61672.42,17546.2325,16796.82,16579.85,16776.52,49.02%,49.51%,0.85%,0.62%
5198810,2022年12月30日,61528.32,17548.31085,16677.35,16333,16607.48,19.94%,79.18%,0.47%,0.41%
2790628,2022年11月17日,61470.62,17577.99855,16751,16410.74,16692.56,64.34%,31.73%,1.34%,2.60%
3797530,2023年1月3日,61395.01,17589.7829,16778.4,16605.28,16675.18,36.92%,60.91%,0.86%,1.31%
3309288,2023年1月4日,61299.81,17592.81075,16991.87,16652.66,16850.36,33.99%,63.96%,0.94%,1.10%
1903562,2022年11月18日,61286.75,17610.6508,17011,16546.04,16700.45,63.06%,33.67%,1.87%,1.39%
1739072,2022年11月19日,60940.18,17617.89865,16822.41,16553.53,16700.68,69.00%,27.83%,1.85%,1.31%
1917942,2022年11月20日,60911.12,17619.2174,16753.33,16180,16280.23,43.38%,53.73%,1.57%,1.31%
3501289,2022年12月28日,60875.57,17624.8933,16785.19,16465.33,16547.31,29.90%,68.61%,0.71%,0.78%
4361542,2022年12月19日,60852.22,17659.645,16815.99,16256.3,16438.88,51.48%,47.23%,0.67%,0.62%
4505089,2022年12月18日,60688.23,17700.3047,16863.26,16663.07,16738.21,86.29%,12.59%,0.54%,0.58%
7866998,2022年12月24日,60575.9,17701.3386,16869.99,16776.62,16836.12,12.95%,86.01%,0.27%,0.77%
7567468,2022年11月13日,60344.86,17737.8838,16954.28,16229,16329.85,86.34%,12.55%,0.61%,0.51%
10678170,2022年12月23日,60328.81,17747.1045,16955.14,16731.13,16778.5,13.05%,86.51%,0.23%,0.21%
12949677,2022年12月22日,60058.87,17750.0374,16868.52,16559.85,16821.43,12.96%,86.58%,0.20%,0.26%
2129235,2023年1月6日,59707.52,17757.60175,17041,16679,16950.65,62.69%,34.86%,1.27%,1.19%
5114365,2022年12月26日,58960.37,17757.87605,16944.52,16791,16919.39,21.10%,77.71%,0.47%,0.71%
7274613,2022年12月25日,58617.7,17761.69515,16857.96,16721,16832.11,12.69%,85.98%,0.28%,1.06%
2679290,2022年12月8日,58413.44,17762.6552,17299,16733.49,17224.1,78.25%,19.68%,1.19%,0.88%
2440415,2023年1月5日,58057.1,17777.1298,16879.82,16753,16831.85,41.36%,56.22%,1.21%,1.21%
3030530,2022年12月4日,57776.25,17813.886,17202.84,16878.25,17105.7,28.36%,69.90%,0.95%,0.80%
20020898,2022年12月21日,57541.26,17825.43825,16925,16723,16824.67,19.58%,79.96%,0.23%,0.23%
4030945,2022年11月16日,57471.35,17830.10135,17015.92,16378.61,16662.76,45.31%,52.90%,0.96%,0.83%
3582272,2022年12月27日,57370.83,17849.95645,16972.83,16592.37,16706.36,29.84%,68.97%,0.67%,0.52%
1900927,2023年1月8日,57347.94,17875.74065,17176.99,16911,17127.83,54.00%,43.42%,1.47%,1.11%
1947430,2023年1月7日,57274.89,17882.57705,16981.91,16908,16943.57,65.24%,32.81%,1.25%,0.69%
4218119,2022年12月6日,57184.07,17899.49925,17107.01,16906.37,17088.96,75.64%,22.48%,0.80%,1.08%
2661438,2022年12月2日,57138.29,17911.79,17105.73,16787.85,17092.74,37.75%,59.71%,1.14%,1.40%
8009260,2022年11月12日,56950.56,18008.8289,17119.1,16631.39,16812.08,80.90%,17.90%,0.61%,0.59%
2724672,2022年12月12日,56891.62,18024.72775,17241.89,16871.85,17209.83,51.49%,46.71%,1.03%,0.77%
4701268,2022年12月7日,56484.26,18028.8528,17142.21,16678.83,16836.64,82.59%,16.12%,0.66%,0.63%
2087993,2022年12月3日,56243.83,18032.19715,17188.98,16858.74,16885.2,51.87%,45.20%,1.50%,1.43%
1724249,2022年12月5日,55996.91,18047.51575,17424.25,16867,16966.35,56.05%,39.91%,2.01%,2.02%
2705398,2022年12月11日,55315,18069.50195,17270.99,17071,17085.05,70.87%,27.56%,0.94%,0.62%
1962499,2023年1月9日,54949.72,18069.86065,17398.8,17104.66,17178.26,64.22%,32.22%,1.77%,1.79%
2057684,2022年12月10日,54716.47,18070.6308,17227.72,17092,17127.49,57.42%,40.22%,1.25%,1.11%
2579851,2022年12月1日,54659.01,18109.63415,17324,16855.01,16977.37,61.87%,35.88%,1.11%,1.14%
2870312,2023年1月10日,53955.67,18123.8872,17499,17146.34,17440.66,80.50%,17.74%,1.15%,0.62%
1906934,2022年12月13日,53785.22,18155.42115,18000,17080.14,17774.7,59.43%,33.85%,1.68%,5.05%
1821573,2022年12月9日,53723.72,18171.4255,17360,17058.21,17128.56,63.62%,33.27%,1.66%,1.45%
3818028,2022年12月16日,53601.05,18311.5928,17531.73,16527.32,16632.12,39.34%,59.39%,0.74%,0.53%
5117323,2023年1月11日,52666.2,18399.8752,18000,17315.6,17943.26,91.39%,7.09%,0.71%,0.82%
5475396,2022年11月11日,51756.88,18570.58475,17695,16361.6,17070.31,68.93%,28.79%,1.46%,0.82%
1858625,2022年12月14日,51471.99,18753.4901,18387.95,17660.94,17803.15,69.75%,25.47%,1.64%,3.15%
1940423,2022年12月15日,50838.82,18783.23055,17854.82,17275.51,17356.34,65.37%,31.46%,1.31%,1.86%
2821610,2023年1月12日,50819.99,18930.1393,19117.04,17892.05,18846.62,80.51%,10.46%,1.41%,7.63%
2533886,2022年9月22日,50775.48,19476.7348,19550.17,18356.39,19401.63,35.48%,61.39%,1.44%,1.69%
12885627,2022年11月9日,50701.44,19565.3759,18587.76,15588,15922.81,79.81%,18.00%,0.64%,1.54%
2531948,2022年9月7日,50588.95,19824.09355,19464.06,18510.77,19292.84,59.62%,36.80%,1.68%,1.90%
1399721,2022年9月26日,50471.19,19843.63215,19318.96,18680.72,19227.82,75.71%,20.29%,2.45%,1.55%
2662598,2023年1月13日,50441.91,19883.1841,20000,18714.12,19930.01,72.83%,20.02%,1.38%,5.77%
4158320,2022年9月21日,50399.67,19912.39705,19956,18125.98,18461.36,44.59%,52.73%,1.00%,1.68%
2464643,2022年9月25日,50053.9,19962.69945,19180.21,18629.2,18807.38,78.10%,19.62%,1.17%,1.11%
32376682,2022年6月19日,49998,20014.18345,20815.95,17960.41,20574,78.08%,19.53%,0.52%,1.86%
2021323,2022年10月21日,49917.54,20089.2256,19250,18650,19164.37,37.45%,58.78%,1.62%,2.15%
1254998,2022年10月3日,49488.85,20105.9157,19719.1,18959.68,19629.08,56.59%,39.57%,1.96%,1.88%
1612138,2022年10月12日,49396.32,20108.3,19238.31,18965.88,19155.53,64.32%,32.36%,1.96%,1.35%
1172226,2022年10月16日,49389.99,20117.162,19425.84,19063.74,19262.98,82.14%,14.28%,2.17%,1.42%
1342810,2022年9月28日,49322.47,20127.3955,19790,18471.28,19412.82,75.48%,20.44%,2.72%,1.37%
1236793,2022年10月20日,49246.63,20175.13425,19347.82,18900,19041.92,59.83%,35.40%,2.66%,2.10%
1948031,2022年10月11日,49239.22,20184.12285,19268.09,18860,19060,81.72%,15.34%,1.61%,1.33%
1576951,2022年10月13日,49224.93,20208.6305,19513.79,18190,19375.13,62.35%,34.45%,2.06%,1.15%
1606558,2022年10月22日,49152.46,20218.41035,19257,19112.72,19204.35,47.22%,49.63%,1.80%,1.36%
1309428,2022年10月15日,49069.9,20231.66115,19227.68,18975.18,19069.39,80.85%,15.26%,2.08%,1.81%
1560661,2022年10月23日,48973.32,20260.52595,19695,19070.11,19570.4,58.78%,37.95%,1.87%,1.40%
2169600,2022年9月27日,48895.35,20284.1474,20385.86,18816.32,19079.13,72.83%,24.58%,1.57%,1.02%
9404374,2022年7月3日,48887.59,20311.7251,19647.63,18781,19315.83,78.74%,20.02%,0.68%,0.56%
1124650,2022年10月17日,48864.98,20322.4439,19676.96,19152.03,19549.86,80.42%,14.78%,2.80%,2.00%
10117620,2022年7月2日,48821.88,20340.189,19467.39,18977.01,19252.81,75.50%,23.68%,0.47%,0.35%
3347164,2022年9月24日,48810.51,20349.44135,19316.14,18805.34,18920.5,80.44%,17.85%,0.89%,0.82%
4737602,2022年9月8日,48767.84,20353.95675,19458.25,19012,19319.77,35.87%,62.15%,0.88%,1.10%
1502951,2022年10月2日,48588.17,20374.4132,19395.91,18920.35,19056.8,63.57%,33.69%,1.71%,1.03%
9638209,2022年7月4日,48336.95,20378.20065,20354.01,19055.31,20236.71,65.53%,33.32%,0.63%,0.52%
5667906,2022年9月9日,48292.75,20383.1697,21597.22,19291.75,21360.11,24.52%,73.22%,0.59%,1.67%
1165805,2022年10月19日,48200.01,20390.4492,19360.16,19065.97,19123.97,70.48%,24.74%,2.60%,2.18%
2158479,2022年10月25日,48141.6,20393.783,20415.87,19237,20080.07,39.41%,57.45%,1.66%,1.49%
5421315,2022年7月13日,48121.4,20394.5004,20366.61,18910.94,20234.87,88.53%,9.76%,0.82%,0.89%
1382965,2022年10月14日,47799.99,20441.2369,19951.87,19070.37,19176.93,87.47%,8.51%,2.30%,1.72%
1571007,2022年9月23日,47737.81,20468.71965,19500,18531.42,19289.91,49.70%,46.11%,2.14%,2.05%
2365333,2022年9月29日,47722.66,20480.5251,19645.52,18843.01,19591.51,85.96%,12.01%,1.35%,0.69%
1905172,2022年10月9日,47674.01,20484.4286,19558,19316.04,19439.02,84.20%,12.91%,1.55%,1.34%
5075207,2022年9月19日,47634.89,20485.40975,19686.2,18232.56,19537.02,27.81%,70.61%,0.81%,0.76%
1392132,2022年10月1日,47632.38,20490.85355,19484,19159.42,19310.95,79.86%,17.34%,1.65%,1.14%
2512707,2022年10月10日,47543.74,20509.1578,19525,19020.25,19131.87,76.33%,21.65%,1.19%,0.84%
1495194,2022年10月8日,47535.9,20604.24495,19627.38,19237.14,19417.96,84.05%,12.89%,1.94%,1.11%
8037239,2022年9月20日,47434.79,20611.5561,19634.62,18711.87,18875,59.87%,38.89%,0.48%,0.76%
1082742,2022年10月18日,47299.98,20623.6464,19706.66,19091,19327.44,75.46%,17.37%,2.98%,4.20%
138365468,2022年8月29日,47286.18,20631.16855,20433.62,19550.79,20285.73,7.78%,92.02%,0.06%,0.13%
1799586,2022年10月24日,47241.75,20646.772,19601.15,19157,19329.72,65.61%,30.43%,1.91%,2.04%
2012990,2022年9月30日,47140.54,20668.0197,20185,19155.36,19422.61,88.00%,9.75%,1.39%,0.87%
953745,2022年10月4日,47122.21,20708.6794,20475,19490.6,20337.82,60.14%,34.70%,2.65%,2.50%
7176507,2022年9月16日,47120.88,20785.4834,19890,19320.01,19803.3,29.55%,69.59%,0.54%,0.32%
2615720,2022年9月6日,47103.28,20884.0837,20180,18649.51,18790.61,60.17%,37.54%,1.44%,0.85%
4028275,2022年9月17日,47100.89,20892.4815,20189,19748.08,20113.62,23.56%,75.24%,0.80%,0.40%
34465917,2022年8月31日,47068.5,20902.74665,20490,19797.94,20050.02,7.02%,92.64%,0.13%,0.21%
2327846,2022年9月4日,47067.99,20923.23475,20029.23,19583.1,20000.3,45.66%,52.50%,1.15%,0.69%
3626586,2023年1月14日,46982.91,21026.16055,21258,19888.05,20954.92,74.33%,20.62%,1.30%,3.75%
5749954,2022年7月1日,46973.82,21039.03155,20918.35,18975,19279.8,71.40%,26.53%,0.79%,1.28%
2604006,2022年9月3日,46914.17,21048.2839,20055.93,19652.72,19831.9,63.04%,32.29%,0.84%,3.84%
973131,2022年10月7日,46868.57,21058.50685,20068.82,19320,19530.09,71.11%,24.07%,2.85%,1.96%
2756667,2022年7月12日,46843.86,21061.60855,20059.42,19240,19328.75,74.07%,23.27%,1.33%,1.32%
14895956,2022年6月23日,46834.47,21087.34,21233,19890.07,21110.13,74.71%,21.07%,0.55%,3.68%
2584791,2022年9月5日,46827.76,21100.3165,20057.27,19633.83,19796.84,63.24%,34.87%,1.23%,0.66%
12601975,2022年8月28日,46760.62,21139.668,20171.18,19520,19555.61,90.00%,8.38%,0.37%,1.25%
12450770,2022年9月1日,46702.76,21151.1042,20208.37,19565.66,20131.46,10.86%,83.50%,0.29%,5.34%
1595823,2022年10月26日,46681.24,21183.3661,21020,20050.41,20771.59,74.02%,21.99%,2.21%,1.78%
2841550,2022年9月18日,46580.5,21218.80355,20117.26,19335.62,19416.18,25.86%,72.54%,1.02%,0.59%
4976124,2022年6月30日,46464.66,21229.765,20179.08,18626,19942.21,70.28%,25.63%,1.02%,3.08%
2836339,2022年9月2日,46446.1,21239.9352,20441.26,19755.29,19951.86,51.87%,34.27%,1.18%,12.67%
1428244,2023年3月11日,46407.36,21258.97795,20686.51,19765.03,20455.73,68.51%,25.28%,3.54%,2.67%
2235177,2022年11月3日,46395.14,21260.1912,20393.32,20031.24,20207.82,43.93%,53.54%,1.45%,1.08%
1022551,2022年10月6日,46283.49,21266.9643,20456.6,19853,19960.67,76.95%,19.28%,2.39%,1.38%
3682381,2022年9月14日,46248.87,21283.1691,20541.48,19617.62,20226.71,40.63%,56.11%,1.12%,2.14%
4725544,2022年7月6日,46216.93,21285.5112,20675.22,19761.25,20564.51,68.10%,29.72%,1.05%,1.14%
1718941,2022年11月4日,46133.83,21318.5116,21302.05,20180.96,21148.52,51.65%,44.42%,2.04%,1.88%
5912958,2022年9月15日,46048.31,21339.66435,20330.24,19497,19701.88,41.85%,56.37%,0.78%,1.00%
3560348,2022年7月14日,46025.23,21347.78785,20900,19616.07,20588.84,75.89%,21.02%,1.21%,1.87%
7543299,2022年7月5日,45901.3,21349.72905,20750,19304.4,20175.83,61.37%,37.29%,0.67%,0.67%
1672218,2022年8月27日,45832.01,21352.2927,20402.93,19800,20037.6,68.00%,28.55%,1.83%,1.61%
5213000,2022年6月29日,45810.99,21396.7504,20432.31,19854.92,20123.01,63.56%,32.09%,0.96%,3.39%
76703997,2022年8月30日,45585,21402.996,20576.25,19540,19811.66,6.02%,93.77%,0.09%,0.12%
3239026,2022年10月28日,45510.67,21411.34105,20750,20000.09,20591.84,40.64%,57.35%,1.06%,0.94%
1103837,2022年10月5日,45510.35,21456.4001,20365.6,19730,20158.26,79.60%,15.47%,2.55%,2.37%
1525938,2023年3月10日,45497.54,21482.13155,20367.78,19549.09,20150.69,69.73%,23.41%,3.26%,3.60%
16761879,2022年6月17日,45173.68,21522.633,21365.43,20246.66,20468.81,58.44%,20.38%,0.48%,20.70%
1254111,2023年3月12日,44940.72,21580.79515,22150,20270.6,21997.11,62.22%,32.25%,3.64%,1.89%
13606194,2022年6月18日,44865.26,21594.59455,20792.06,17622,18970.79,71.10%,21.26%,0.69%,6.95%
2763252,2022年11月2日,44842.2,21609.36455,20800,20048.04,20151.84,45.01%,52.06%,1.36%,1.56%
2184225,2022年11月1日,44699.37,21617.7307,20700,20330.74,20483.62,79.56%,17.26%,1.79%,1.39%
9557272,2022年7月7日,44695.95,21695.55805,21838.1,20251.68,21624.98,20.60%,78.45%,0.47%,0.49%
16613815,2022年6月21日,44572.54,21705.4645,21723,20348.4,20723.52,74.64%,18.46%,0.56%,6.34%
36056882,2022年6月20日,44544.85,21705.57,21090,19637.03,20573.89,73.12%,17.71%,0.50%,8.67%
3259595,2022年7月15日,44511.27,21721.2262,21200,20382.29,20830.04,80.69%,16.78%,1.21%,1.32%
4552007,2022年11月8日,44421.2,21723.15685,20700.88,17166.83,18547.23,85.65%,12.66%,0.79%,0.90%
2715579,2022年10月29日,44400.06,21724.3912,21085,20554.01,20809.67,52.18%,45.35%,1.27%,1.20%
2318639,2022年10月31日,44372.71,21761.9914,20845.92,20237.95,20490.74,71.77%,25.18%,1.56%,1.49%
1409016,2023年1月19日,44313.16,21814.73085,21192,20659.19,21071.59,57.52%,38.72%,1.95%,1.81%
27103347,2022年6月22日,44043,21863.30305,20900,19770.51,19987.99,82.30%,14.44%,0.38%,2.88%
6267985,2022年6月28日,43991.46,21883.41135,21212.1,20202.01,20281.29,58.30%,38.19%,0.99%,2.52%
1874212,2022年10月27日,43902.65,21914.04855,20872.21,20200,20295.11,50.80%,45.80%,1.74%,1.66%
3578818,2022年7月18日,43892.99,21943.5569,22777.63,20762.45,22432.58,82.44%,15.02%,1.06%,1.48%
2466511,2022年10月30日,43873.56,21954.2124,20931.21,20515,20627.48,56.57%,41.26%,1.27%,0.90%
3380630,2022年7月16日,43839.99,21975.6922,21588.94,20478.61,21195.6,80.91%,17.22%,1.01%,0.85%
6119766,2022年8月20日,43820.01,21980.28145,21382.85,20761.9,21140.07,87.35%,11.58%,0.58%,0.49%
4535842,2022年7月11日,43794.36,22008.47105,20868.48,19875.23,19963.61,48.06%,50.59%,0.80%,0.55%
2768191,2023年1月16日,43546.37,22021.00445,21474.05,20611.48,21185.65,80.87%,16.16%,1.30%,1.67%
3730687,2022年11月7日,43495.44,22055.3869,21069.77,20384.89,20591.13,75.51%,22.53%,0.87%,1.09%
5642004,2023年1月15日,43451.14,22105.1618,21050.74,20551.01,20871.5,81.05%,17.52%,0.73%,0.70%
6005948,2022年6月27日,43444.2,22195.1744,21539.85,20510,20742.56,67.23%,28.92%,1.03%,2.82%
1941400,2023年1月20日,43170.47,22230.52745,22755.93,20861.28,22667.21,32.23%,65.54%,1.25%,0.98%
7754688,2022年6月24日,43160.9,22271.1766,21558.41,20736.72,21237.69,69.40%,28.13%,0.76%,1.71%
1766585,2023年1月18日,43160,22294.56595,21650,20407.15,20677.47,65.53%,31.58%,1.75%,1.14%
1755342,2022年8月21日,43084.29,22302.77385,21800,21069.11,21515.61,66.22%,30.33%,1.84%,1.61%
2104428,2022年11月5日,43082.3,22311.6886,21480.65,21080.65,21299.37,66.39%,31.50%,1.40%,0.71%
1999889,2023年1月17日,43071.66,22350.86075,21647.45,20841.31,21134.81,69.64%,27.48%,1.54%,1.34%
4383376,2022年7月17日,43059.96,22361.358,21684.54,20750.01,20798.16,86.73%,11.67%,0.75%,0.85%
6954623,2022年6月25日,43016.64,22405.7524,21614.5,20906.62,21491.19,71.33%,25.07%,0.69%,2.90%
7236391,2022年7月27日,42882.76,22423.67685,23112.63,21042.53,22952.45,40.68%,8.36%,0.56%,50.40%
3059331,2022年11月6日,42836.87,22470.83535,21365.27,20886.13,20905.58,64.16%,32.84%,1.02%,1.97%
4909073,2022年7月26日,42810.58,22482.9995,21347.82,20706.5,21254.67,79.09%,17.99%,0.82%,2.10%
7301996,2022年9月10日,42753.96,22536.5091,21810.8,21111.13,21648.34,18.01%,81.15%,0.37%,0.46%
1184620,2022年8月25日,42729.29,22543.29275,21819.88,21310.15,21559.04,61.56%,33.73%,2.62%,2.09%
1400851,2022年8月23日,42670.63,22577.79125,21684.87,20890.14,21529.12,59.23%,36.86%,2.38%,1.52%
5772027,2022年6月26日,42558.35,22673.1949,21888,20964.73,21038.07,70.54%,26.19%,0.76%,2.51%
1812790,2022年8月22日,42535.94,22700.1185,21548.71,20890.18,21399.83,72.08%,24.64%,1.63%,1.65%
1911082,2022年8月24日,42454,22713.21105,21900,21145,21368.08,44.59%,52.99%,1.68%,0.74%
1638694,2022年8月26日,42380.87,22744.7872,21886.77,20107.9,20241.05,70.92%,25.78%,1.85%,1.45%
10662664,2022年7月10日,42373.73,22779.71825,21607.65,20655,20862.47,77.45%,21.85%,0.44%,0.26%
5242182,2022年7月9日,42364.13,22782.46125,21980,21322.12,21591.83,34.88%,63.90%,0.66%,0.56%
6978229,2022年7月8日,42352.12,22814.36445,22527.37,21189.26,21594.75,30.42%,68.58%,0.55%,0.45%
1812131,2023年2月11日,42252.02,22814.57545,21906.32,21599.78,21862.55,59.45%,36.97%,1.89%,1.68%
6491905,2022年9月11日,42217.87,22837.80655,21860,21350,21826.87,24.00%,75.12%,0.44%,0.45%
2691021,2023年3月9日,42201.63,22898.11035,21834.99,20042.72,20362.22,32.40%,63.73%,1.37%,2.50%
2306775,2023年2月14日,42201.13,22972.23465,22319.08,21532.77,22199.84,31.74%,65.04%,1.52%,1.69%
2755507,2023年2月13日,42158.85,22980.40035,21894.99,21351.07,21773.97,34.65%,62.13%,1.44%,1.79%
2090020,2023年2月10日,42147.35,22996.71065,21938.16,21451,21625.19,67.31%,28.32%,1.91%,2.46%
5100710,2022年9月12日,42053.65,23027.34785,22488,21538.51,22395.74,50.13%,48.81%,0.62%,0.44%
1506259,2023年2月12日,41941.7,23064.4311,22090,21630,21783.54,60.41%,35.39%,2.07%,2.13%
1582006,2023年3月13日,41864.62,23207.94275,24500,21813.88,24113.48,71.49%,22.13%,3.63%,2.75%
35327767,2022年6月15日,41822.49,23353.9231,22800,20111.62,22583.72,29.42%,69.62%,0.26%,0.70%
2120362,2023年3月8日,41757.51,23419.4808,22287,21580,21705.44,42.83%,52.95%,1.60%,2.62%
2768326,2023年2月15日,41679.74,23420.8312,24380,22047.28,24324.05,29.64%,67.52%,1.48%,1.36%
2237134,2023年3月5日,41660,23575.63135,22662.09,22189.22,22430.24,46.71%,49.77%,1.66%,1.85%
1570411,2023年3月4日,41571.7,23583.8287,22410,22157.08,22346.57,68.93%,27.37%,2.06%,1.64%
4910877,2022年9月13日,41566.48,23627.1892,22799,19860,20173.57,55.87%,42.16%,0.83%,1.14%
1768700,2023年3月7日,41524.29,23641.92755,22557.91,21927,22197.96,67.44%,27.15%,2.03%,3.38%
1997451,2023年3月6日,41493.19,23663.9032,22602.19,22258,22410,70.13%,25.94%,2.00%,1.93%
3934583,2022年7月19日,41382.6,23666.3719,23800,21579.54,23396.62,76.63%,21.21%,1.06%,1.11%
3037334,2022年7月24日,41358.19,23683.2519,23014.64,22257.15,22579.68,49.75%,46.44%,1.07%,2.75%
12092865,2022年6月14日,41262.11,23721.95985,23362.88,20846,22136.41,73.25%,23.83%,0.93%,1.99%
4733649,2022年7月25日,41147.78,23818.87215,22666,21250,21310.9,69.94%,26.69%,0.79%,2.58%
37158644,2022年6月16日,41114.01,23825.8246,22995.73,20232,20401.31,35.44%,63.34%,0.22%,1.00%
4092101,2022年8月5日,41025.01,23866.64255,23472.86,22586.95,23312.42,31.59%,66.96%,0.69%,0.77%
1329308,2023年1月25日,41002.26,23876.6967,23816.73,22300,23060.94,60.27%,36.05%,2.22%,1.47%
1699346,2023年1月21日,40917.89,23912.63,23371.8,22422,22783.55,52.53%,44.41%,1.66%,1.40%
5402730,2022年7月23日,40862.46,23932.49565,23000.77,21934.57,22451.07,36.86%,61.51%,0.65%,0.99%
1109537,2023年1月23日,40801.13,23954.8511,23180,22500,22916.45,61.43%,33.84%,2.74%,1.99%
2805414,2023年2月7日,40734.09,24014.4586,23350.25,22745.78,23240.46,75.01%,21.07%,1.53%,2.39%
1075470,2023年1月22日,40680.92,24036.43425,23078.71,22292.37,22707.88,61.23%,35.04%,2.56%,1.17%
4434063,2022年8月4日,40551.9,24071.84005,23223.32,22400,22622.98,26.17%,72.61%,0.62%,0.60%
1688698,2023年1月31日,40515.71,24082.8859,23320,22714.77,23125.13,64.37%,31.72%,2.10%,1.81%
1353713,2023年1月24日,40480.01,24178.28955,23162.2,22462.93,22632.89,72.25%,23.93%,2.21%,1.61%
3508553,2023年2月6日,40426.08,24194.22005,23158.25,22628.13,22762.52,69.09%,27.80%,1.13%,1.99%
2855116,2022年8月7日,40378.7,24216.69155,23402,22844.62,23174.39,31.27%,67.06%,0.93%,0.74%
15966321,2022年7月28日,40079.17,24216.79705,24199.72,22582.13,23842.93,12.17%,4.12%,0.37%,83.34%
1589758,2023年2月9日,40074.95,24224.75175,23011.39,21688,21796.35,62.25%,30.27%,2.50%,4.98%
4088313,2022年8月3日,39974.45,24250.15615,23647.68,22681.22,22818.37,38.28%,59.65%,0.71%,1.37%
1467637,2023年1月27日,39942.37,24275.18075,23500,22534.88,23074.16,62.53%,33.91%,2.22%,1.35%
1782439,2023年1月29日,39742.06,24287.577,23960.54,22967.76,23742.3,50.17%,45.75%,2.00%,2.09%
1282329,2023年1月26日,39723.17,24328.7431,23282.47,22850.01,23009.65,60.82%,34.59%,2.66%,1.94%
1610584,2023年1月28日,39709.19,24343.2388,23189,22878.46,23022.6,50.42%,45.83%,2.15%,1.60%
2475984,2023年2月1日,39690,24397.01215,23812.66,22760.23,23732.66,47.04%,49.32%,1.44%,2.19%
1654641,2023年3月1日,39678.11,24414.35635,24000,23020.03,23628.97,62.25%,33.83%,2.22%,1.70%
3727410,2022年8月10日,39671.37,24424.6426,24226,22664.69,23954.05,64.61%,33.51%,0.96%,0.92%
17455705,2022年7月22日,39530.45,24425.56045,23756.49,22500,22684.83,27.00%,72.00%,0.27%,0.73%
1607851,2023年2月26日,39450.12,24430.70885,23689.99,23059.18,23554.85,60.40%,35.63%,2.11%,1.86%
2956114,2022年8月8日,39441.61,24448.98145,24245,23154.25,23810,47.95%,50.20%,1.04%,0.81%
1950504,2023年2月25日,39422.01,24459.1622,23219.13,22722,23157.07,56.50%,39.11%,1.67%,2.72%
1581646,2022年8月19日,39397.97,24466.97975,23208.67,20783.57,20834.39,59.83%,36.68%,2.28%,1.21%
19813942,2022年7月21日,39280.33,24500.5815,23442.77,22341.46,23152.19,66.20%,32.12%,0.33%,1.35%
2337402,2023年2月8日,39235.72,24520.7531,23452,22665.85,22963,69.25%,26.32%,1.81%,2.63%
4543004,2022年8月2日,39219.16,24546.5795,23459.89,22654.37,22987.79,39.51%,56.93%,0.63%,2.92%
3308873,2022年8月1日,39148.65,24577.6598,23509.68,22850,23268.01,65.99%,27.92%,1.08%,5.02%
3261428,2022年8月6日,39116.73,24595.8058,23354.36,22909.52,22954.21,28.69%,69.64%,0.81%,0.86%
2439035,2023年2月5日,38807.35,24610.6813,23433.33,22743,22932.91,36.39%,61.22%,1.22%,1.17%
1462054,2022年8月18日,38730.63,24626.5063,23600,23111.04,23191.2,69.26%,27.20%,2.26%,1.28%
3051525,2022年7月20日,38729.57,24685.3964,24276.74,22906.19,23223.3,80.83%,16.50%,1.54%,1.14%
1301193,2023年2月4日,38694.59,24720.6545,23587.78,23253.96,23326.84,66.67%,28.42%,2.76%,2.15%
1947328,2023年3月3日,38596.11,24755.9126,23476.95,21971.13,22354.34,65.25%,30.78%,2.10%,1.87%
1896578,2023年2月3日,38525.16,24781.24315,23715.7,23204.62,23431.9,74.12%,19.55%,2.35%,3.98%
1712002,2023年2月28日,38468.35,24784.15495,23600,23020.97,23141.57,47.36%,47.24%,2.14%,3.26%
1622188,2023年2月17日,38466.9,24811.1946,25021.11,23339.37,24569.97,68.24%,24.70%,2.60%,4.46%
1652525,2023年2月27日,38420.8,24850.36675,23897.99,23106.77,23492.09,55.20%,39.91%,2.26%,2.63%
1259275,2023年3月2日,38386.89,24929.3968,23796.93,23195.9,23465.32,60.45%,34.58%,2.80%,2.16%
3404987,2022年7月31日,38328.68,24945.0952,24194.82,23227.31,23293.32,55.54%,21.12%,1.01%,22.34%
2383423,2023年2月2日,38230.33,25036.63755,24255,23363.27,23488.94,55.49%,39.68%,1.81%,3.02%
1587546,2023年1月30日,38166.83,25049.25535,23800.51,22500,22826.15,70.84%,24.02%,2.44%,2.69%
6345908,2022年7月30日,38112.64,25085.0304,24668,23502.25,23643.51,57.97%,11.70%,0.50%,29.84%
9256777,2022年8月9日,37988.01,25120.5839,23933.25,22865,23149.95,17.37%,81.92%,0.40%,0.32%
4293212,2022年7月29日,37881.75,25156.73875,24442.66,23414.03,23773.75,39.57%,14.40%,0.86%,45.17%
1768376,2022年8月17日,37777.35,25168.23825,24446.71,23180.4,23342.66,68.19%,28.86%,1.79%,1.16%
4135264,2022年8月12日,37728.95,25249.40995,24456.5,23583,24403.68,37.07%,61.20%,0.89%,0.84%
1491571,2023年2月24日,37716.57,25256.911,24132.35,22841.19,23185.29,53.24%,42.46%,2.30%,2.00%
2689235,2022年8月11日,37699.08,25271.52275,24918.54,23852.13,23934.39,45.51%,52.27%,1.22%,1.00%
2407564,2022年8月16日,37630.8,25418.1572,24247.49,23671.22,23854.74,69.20%,28.28%,1.38%,1.15%
2938903,2023年3月14日,37311.98,25438.44485,26386.87,23976.42,24670.41,59.30%,35.52%,2.68%,2.50%
1653909,2023年2月23日,37250.02,25512.23155,24599.59,23608,23940.2,63.90%,31.81%,2.41%,1.88%
2530883,2023年2月20日,37160.11,25607.49805,25121.23,23840.83,24842.2,70.07%,23.16%,1.72%,5.05%
10877811,2023年3月16日,37008.16,25621.3713,25167.4,24123,24998.78,31.60%,66.56%,0.92%,0.91%
1982324,2022年8月15日,36958.32,25642.03875,25211.32,23773.22,24094.82,58.36%,36.97%,2.20%,2.47%
1855574,2023年2月16日,36896.37,25660.62785,25250,23505.25,23517.72,66.72%,27.54%,2.69%,3.05%
4211900,2022年8月13日,36807.24,25743.7935,24888,24291.22,24441.38,27.53%,71.15%,0.74%,0.58%
2209819,2022年8月14日,36660.35,25787.4283,25047.56,24144,24305.24,52.78%,45.02%,1.31%,0.90%
2624708,2023年2月22日,36552.97,25795.45685,24476.05,23574.69,24182.21,65.37%,31.18%,1.82%,1.62%
1524074,2023年2月18日,36445.31,25919.4932,24877,24430,24631.95,60.18%,35.03%,2.46%,2.33%
1247311,2023年2月19日,36244.55,25986.81275,25192,24192.57,24271.76,54.19%,41.28%,2.68%,1.86%
53802932,2023年3月15日,36013.77,26027.28255,25196.97,23896.95,24285.66,23.29%,76.10%,0.17%,0.44%
2634945,2023年2月21日,35472.4,26210.30395,25250,24148.34,24452.16,61.71%,31.87%,1.83%,4.59%
5905436,2023年3月17日,35071.42,26373.7129,27756.84,24890,27395.13,26.10%,71.95%,0.92%,1.03%
11328245,2023年6月6日,34038.39,27143.251,27355.33,25351.02,27230.08,77.27%,21.25%,0.88%,0.60%
49814512,2023年6月11日,31801.05,27262.4871,26206.88,25634.7,25925.55,7.60%,92.20%,0.14%,0.06%
7112017,2023年6月13日,31734.23,27329.986,26433.21,25712.57,25934.25,18.15%,80.45%,0.84%,0.56%
23900355,2023年6月12日,31373.1,27351.4447,26106.48,25602.11,25905.19,7.25%,92.35%,0.27%,0.13%
1671201,2023年5月25日,31328.89,27777.095,26631.98,25871.89,26473.79,47.95%,46.46%,2.82%,2.77%
13819441,2023年6月8日,31125.32,27788.0037,26810,26210,26498.61,7.14%,92.15%,0.52%,0.19%
1546851,2023年5月26日,31017.11,27929.859,26932.16,26327.24,26705.92,65.43%,30.01%,2.73%,1.82%
68098348,2023年6月10日,30466.93,27934.079,26533.87,25358,25841.21,5.92%,93.89%,0.14%,0.05%
43330447,2023年6月9日,30452.63,27956.0441,26783.33,26269.91,26477.81,3.05%,96.74%,0.15%,0.07%
9886468,2022年6月13日,30444.93,28036.12915,26895.84,21925.77,22487.41,85.67%,12.16%,0.87%,1.30%
1738362,2023年5月27日,30380.01,28174.75615,26895,26551,26854.27,58.01%,38.40%,2.06%,1.53%
1950624,2023年5月22日,30373.84,28218.9079,27099.89,26538.21,26849.27,71.70%,24.18%,2.64%,1.48%
1422330,2023年5月14日,30319.22,28247.90985,27200,26560.53,26917.62,53.96%,38.96%,4.23%,2.86%
2134486,2023年5月13日,30304.66,28268.73555,27045.45,26692.03,26775.28,51.60%,40.02%,2.48%,5.90%
3085624,2023年6月2日,30295.1,28292.91615,27300,26505,27242.59,47.74%,30.31%,20.21%,1.74%
5473435,2023年5月19日,30293.93,28296.4504,27183.6,26630,26880.26,13.66%,84.88%,0.95%,0.51%
5183841,2023年5月23日,30204.77,28325.9904,27495.83,26798.11,27219.61,31.58%,66.42%,1.15%,0.85%
1856001,2023年5月28日,30200.43,28331.2654,28261.32,26764.36,28065,49.20%,47.79%,2.11%,0.90%
1684311,2023年5月20日,30109.93,28358.6743,27150,26825.11,27102.43,59.05%,37.10%,2.21%,1.64%
2570701,2023年3月19日,30086.74,28387.40195,28390.1,26827.22,27972.87,56.14%,31.45%,1.76%,10.66%
1803730,2023年5月15日,30074.23,28398.07855,27663.59,26726,27162.14,73.96%,19.78%,2.99%,3.27%
4145637,2023年5月12日,29919.2,28451.88355,27091.12,25811.46,26795.01,80.42%,15.04%,1.48%,3.06%
1967032,2023年5月17日,29888.07,28520.71175,27500,26544.71,27405.61,46.72%,47.23%,3.52%,2.53%
1698695,2023年6月4日,29874.01,28558.0271,27455.02,26951,27115.21,53.43%,38.54%,6.94%,1.09%
1828560,2023年5月21日,29864.03,28593.0531,27277.55,26666.03,26747.78,68.12%,27.56%,3.03%,1.29%
1978790,2023年6月5日,29805.84,28606.536,27129.33,25388,25728.2,49.53%,44.52%,4.67%,1.27%
2701996,2023年3月28日,29700.21,28616.7695,27520,26631.78,27261.07,75.81%,21.28%,1.58%,1.34%
1681884,2023年5月16日,29654.58,28656.06825,27296.89,26852.11,27033.84,67.37%,27.23%,2.90%,2.49%
3293100,2023年6月1日,29637.35,28706.9298,27350,26605.05,26817.93,49.67%,25.43%,22.84%,2.06%
3332642,2023年5月24日,29542.14,28716.68855,27219.61,26080.5,26329.01,37.57%,59.25%,1.52%,1.66%
17199132,2023年6月7日,29505.6,28727.72385,27391.77,26125.01,26339.34,10.63%,88.67%,0.49%,0.21%
2239992,2023年6月3日,29472.77,28740.93245,27333.29,26914.93,27069.22,51.14%,39.35%,8.53%,0.98%
2676223,2023年3月23日,29468.1,28749.77335,28750,27105,28295.41,54.53%,37.52%,2.01%,5.94%
2033969,2023年3月29日,29445.07,28760.4183,28650,27240.1,28348.6,85.12%,11.44%,1.98%,1.46%
6973717,2023年4月22日,29430.27,28762.2962,27882.72,27140.35,27816.85,93.19%,5.68%,0.58%,0.55%
4795081,2023年3月18日,29311.69,28901.86215,27724.85,26578,26907.49,50.53%,45.43%,1.14%,2.91%
4380499,2023年5月18日,29287.05,28912.9291,27485.33,26361.2,26821.28,15.95%,81.31%,1.64%,1.10%
1339013,2023年3月25日,29233.2,28964.4553,27787.33,27156.09,27462.95,66.86%,27.30%,2.71%,3.13%
1195599,2023年3月26日,29230.45,28973.4228,28194.4,27417.76,27968.05,64.45%,30.22%,2.93%,2.40%
2361019,2023年4月25日,29201.35,29024.03115,28399.99,27192,28300.79,65.82%,30.10%,1.70%,2.38%
2462210,2023年4月24日,29201.01,29108.07245,28000,26942.82,27510.93,75.15%,19.42%,1.75%,3.68%
3843855,2023年5月11日,29109.14,29116.6707,27630.14,26702.05,26968.62,80.24%,12.12%,1.71%,5.92%
1855664,2023年5月10日,29103.94,29147.8354,28331.42,26777,27598.75,62.40%,29.52%,3.96%,4.11%
3682356,2023年5月9日,29091.87,29190.584,27818,27353,27628.27,39.75%,54.61%,2.43%,3.22%
1842911,2023年5月31日,29031.33,29217.58145,27835.51,26839.01,27210.35,70.40%,23.64%,2.21%,3.74%
3432965,2023年3月21日,29029.74,29241.44555,28438.55,27303.1,28105.47,49.29%,47.22%,1.56%,1.93%
1858655,2023年5月30日,29026.16,29261.89145,28038.59,27554,27694.4,64.94%,29.64%,2.09%,3.33%
1531228,2023年4月4日,28848.19,29329,28444.44,27662.79,28165.47,86.71%,9.49%,2.63%,1.17%
6510956,2023年4月23日,28838.16,29346.77675,27816.85,27311.25,27590.6,90.11%,8.38%,0.73%,0.79%
20708432,2023年4月8日,28797.1,29441.1887,28154.99,27859.02,27938.38,5.30%,94.42%,0.18%,0.10%
8902757,2023年4月9日,28715.33,29474.9909,28530,27800,28323.76,14.35%,85.01%,0.41%,0.23%
1668788,2023年3月27日,28669.85,29506.29275,28023.86,26508.14,27124.91,67.43%,26.94%,2.36%,3.27%
1423673,2023年3月20日,28629.81,29511.37785,28472,27124.47,27717.01,20.13%,68.78%,3.99%,7.10%
1850089,2023年3月31日,28465.36,29570.09915,28656.69,27511.71,28465.36,68.67%,27.61%,2.07%,1.65%
45493300,2023年4月7日,28452.74,29575.69065,28100,27766.94,27906.33,2.64%,97.17%,0.10%,0.08%
1869258,2023年5月29日,28430.09,29608.58555,28447.14,27524.6,27736.4,62.30%,33.67%,2.24%,1.78%
4230053,2023年5月2日,28424.71,29612.0143,28879.88,27872,28669.86,78.73%,19.42%,0.79%,1.06%
2158784,2023年3月22日,28415.29,29653.73955,28868.05,26601.8,27250.97,69.27%,20.16%,2.32%,8.25%
1816497,2023年4月5日,28348.6,29714.57085,28775,27805.1,28170.01,65.81%,30.66%,2.08%,1.45%
4409286,2023年4月6日,28323.76,29719.36055,28182.05,27711,28033.82,42.26%,53.48%,1.00%,3.26%
1348057,2023年4月3日,28300.8,29721.32285,28500.99,27200.24,27800,80.69%,14.70%,2.75%,1.86%
1919242,2023年4月21日,28295.42,29797.05075,28374.02,27125,27262.84,76.66%,19.51%,2.15%,1.68%
2288498,2023年3月24日,28243.65,29851.6681,28374.3,27000,27454.47,53.64%,41.37%,2.06%,2.93%
3068413,2023年4月26日,28171.87,29857.344,30036,27235,28415.29,41.53%,55.48%,1.37%,1.62%
8619896,2023年4月10日,28170.01,29881.5668,29770,28170,29637.34,10.42%,88.40%,0.54%,0.64%
1990566,2023年3月30日,28165.47,29907.773,29184.68,27686,28028.53,79.80%,15.72%,2.11%,2.37%
4179128,2023年4月27日,28107.81,29978.13095,29890,28378.86,29472.77,41.27%,55.82%,1.08%,1.84%
2636969,2022年6月12日,28068.26,29988.06905,28544.96,26560,26574.53,73.67%,23.69%,1.47%,1.17%
10794173,2023年5月8日,28065.01,29993.74495,28631.01,27262,27668.79,12.55%,85.54%,0.71%,1.19%
1304254,2023年4月2日,28033.83,30017.6407,28530,27856.43,28171.87,81.17%,14.54%,2.47%,1.81%
1538906,2023年4月1日,28028.53,30030.9548,28819.71,28220.27,28452.73,73.88%,22.42%,2.20%,1.50%
1742938,2022年5月28日,27972.87,30204.44955,29266,28450,29031.33,70.40%,25.71%,2.01%,1.89%
2037772,2023年5月3日,27968.05,30246.69175,29266.66,28113.69,29026.16,74.28%,21.95%,1.70%,2.06%
5465522,2022年5月19日,27938.38,30294.67315,30545.18,28691.38,30319.23,44.41%,53.38%,1.02%,1.19%
1829023,2023年4月20日,27906.34,30380.9405,29088.3,28010,28243.65,67.28%,26.85%,2.33%,3.54%
1646796,2023年5月5日,27816.85,30424.2588,29677,28800,29505.61,67.28%,27.09%,2.50%,3.12%
1556485,2023年5月7日,27800,30434.84045,29138.29,28395.23,28430.1,65.68%,26.85%,2.68%,4.79%
1737715,2023年5月4日,27736.39,30622.5988,29379.83,28663.64,28838.16,65.18%,30.12%,2.27%,2.43%
35528841,2022年5月13日,27717.01,30626.3757,31083.37,28751.67,29287.05,71.66%,26.16%,1.06%,1.12%
2097122,2022年5月29日,27694.39,30628.05315,29587.78,28839.21,29468.1,78.63%,17.90%,1.98%,1.49%
2242589,2022年6月11日,27668.8,30691.92285,29440.41,28099.99,28424.7,48.16%,49.13%,1.48%,1.23%
11423048,2022年5月12日,27628.28,30704.6567,30243,26700,29029.75,78.49%,16.69%,1.40%,3.42%
4545502,2022年5月24日,27598.74,30710.1427,29845.86,28669,29654.58,38.66%,58.78%,1.03%,1.53%
3757812,2022年5月21日,27590.59,30807.06555,29656.18,28947.28,29445.06,60.07%,37.35%,1.13%,1.45%
2159522,2022年5月27日,27510.93,30807.42425,29397.66,28282.9,28629.8,69.60%,26.77%,1.90%,1.74%
2689527,2023年4月30日,27462.96,30838.12475,29969.39,29079.59,29233.21,55.93%,41.28%,1.09%,1.70%
2670126,2023年5月1日,27454.46,30841.026,29337.34,27666.95,28068.26,44.91%,52.00%,0.98%,2.11%
26381862,2022年5月14日,27405.62,30897.83775,30343.27,28630,30086.74,54.22%,44.78%,0.41%,0.60%
1816733,2023年4月29日,27395.13,30923.83295,29448.88,29031,29230.45,66.15%,29.26%,1.73%,2.87%
4353948,2023年4月18日,27262.84,31048.93485,30485,29096.78,30380.01,35.98%,62.10%,1.03%,0.89%
4144320,2022年5月22日,27261.06,31064.54885,30487.99,29255.11,30293.94,61.49%,36.24%,1.19%,1.08%
2103752,2022年5月30日,27250.97,31088.8455,32222,29299.62,31734.22,77.58%,18.60%,2.15%,1.67%
4827930,2023年4月28日,27242.59,31093.77235,29599.54,28891,29311.7,65.40%,33.05%,0.75%,0.79%
1703052,2023年5月6日,27230.07,31128.408,29820,28300,28848.2,62.81%,31.07%,2.73%,3.39%
2188833,2022年5月26日,27219.61,31166.9577,29886.64,28019.56,29201.35,62.74%,32.76%,1.96%,2.53%
6425249,2023年4月11日,27210.36,31267.40425,30550,29590,30200.42,29.96%,64.34%,2.54%,3.15%
2431894,2022年5月25日,27162.15,31285.5819,30223.74,29294.21,29542.15,60.23%,35.70%,1.72%,2.35%
6082880,2022年6月4日,27124.9,31333.72155,29988.88,29485,29864.04,70.51%,27.83%,0.57%,1.09%
8271592,2022年6月2日,27115.2,31445.1612,30689,29594.55,30452.62,15.42%,83.63%,0.46%,0.50%
3783286,2022年6月5日,27102.42,31506.55165,30189,29531.42,29919.21,62.86%,34.53%,0.83%,1.78%
6466235,2022年5月17日,27069.22,31517.08055,30788.37,29450.38,30444.93,59.91%,36.94%,0.96%,2.19%
2954722,2023年4月13日,27033.85,31531.91385,30595,29854.59,30373.84,38.03%,58.33%,1.93%,1.71%
2730644,2022年6月6日,26968.61,31564.756,31765.64,29890.23,31373.1,64.32%,32.73%,1.48%,1.47%
9899395,2022年5月10日,26917.61,31728.31265,32658.99,29730.4,31017.1,53.06%,44.04%,0.83%,2.06%
16456035,2022年5月15日,26907.49,31741.5107,31460,29480,31328.89,59.36%,39.49%,0.45%,0.70%
2550212,2022年6月10日,26880.26,31765.97615,30382.8,28850,29091.88,49.23%,48.08%,1.43%,1.26%
5137845,2023年4月12日,26854.28,31861.45365,30486,29637.4,29888.07,40.79%,56.08%,1.37%,1.76%
3363904,2022年6月9日,26849.28,31866.03235,30700,29944.1,30109.93,31.20%,66.63%,1.11%,1.06%
4796581,2022年5月23日,26821.28,31960.09615,30670.51,28866.35,29109.15,49.11%,48.83%,1.00%,1.06%
7752032,2023年4月16日,26817.93,31961.3305,30549.99,30120,30304.65,32.51%,66.57%,0.52%,0.40%
5385341,2023年4月17日,26795.01,31971.4163,30316.06,29240.65,29430.27,34.05%,63.85%,0.86%,1.24%
4312834,2022年5月20日,26775.27,31986.7771,30777.33,28730,29201.01,47.99%,49.92%,1.10%,0.98%
14093662,2023年4月14日,26747.78,32044.4012,31000,29966,30466.93,7.16%,91.64%,0.78%,0.41%
2633295,2023年4月19日,26705.93,32050.91055,30413.53,28520,28797.1,45.11%,51.85%,1.66%,1.38%
5618038,2022年5月18日,26574.53,32119.40115,30709.99,28654.47,28715.32,55.04%,41.26%,1.08%,2.62%
4630788,2022年6月3日,26498.62,32127.52465,30699,29282.36,29700.21,40.07%,58.66%,0.68%,0.59%
5435868,2023年4月15日,26477.8,32142.61115,30595.6,30202,30295.09,18.81%,79.80%,0.84%,0.56%
11222730,2022年5月11日,26473.8,32723.05105,32162.59,27785,29103.94,75.52%,22.42%,0.74%,1.32%
2845277,2022年6月8日,26339.34,32837.2126,31327.22,29843.88,30204.77,45.11%,52.06%,1.41%,1.42%
8794829,2022年5月16日,26329,33051.97895,31328.9,29087.04,29874.01,63.53%,34.12%,0.74%,1.61%
2226900,2022年6月7日,25925.54,33098.6205,31589.6,29218.96,31125.33,60.54%,35.95%,1.89%,1.61%
15005355,2022年5月31日,25905.2,33479.61265,32399,31200.01,31801.04,13.65%,85.80%,0.29%,0.26%
16515167,2022年6月1日,25841.22,33550.10775,31982.97,29301,29805.83,9.35%,90.13%,0.21%,0.31%
3293085,2022年5月9日,25728.2,35910.50145,34243.15,30033.33,30076.31,64.68%,31.36%,1.68%,2.28%
7636832,2022年1月23日,24998.78,37000.3481,36499,34601.01,36244.55,94.53%,2.99%,0.80%,1.68%
3283266,2022年5月8日,24843.89,37423.382,35514.22,33713.95,34038.4,52.11%,42.89%,1.29%,3.71%
5586680,2022年5月7日,24670.41,37994.52735,36146.3,34785,35472.39,60.11%,37.10%,0.93%,1.86%
9675632,2022年1月24日,24632.05,38238.00025,37550,32917.17,36660.35,91.96%,5.75%,0.74%,1.56%
3161940,2022年1月22日,24568.24,38449.80205,36835.22,34008,35071.42,85.79%,6.82%,2.34%,5.05%
6025254,2022年5月6日,24450.67,38563.38335,36675.63,35258,36013.77,67.38%,29.26%,1.01%,2.35%
10503402,2022年1月25日,24443.06,38676.66925,37545.14,35701,36958.32,92.77%,5.47%,0.54%,1.22%
6471163,2022年1月27日,24401.7,38831.6382,37234.47,35507.01,37160.1,93.61%,3.89%,0.78%,1.72%
2679158,2022年2月3日,24322.87,38925.67035,37387,36250,37311.61,89.75%,7.45%,1.29%,1.51%
7568653,2022年1月26日,24305.25,38991.0276,38919.98,36234.63,36809.34,92.83%,5.09%,0.65%,1.44%
3272814,2022年2月22日,24285.66,39043.6088,38429,36350,38230.33,79.18%,16.26%,1.58%,2.98%
4422592,2022年1月28日,24272.51,39203.91605,38000,36155.01,37716.56,92.34%,5.85%,0.89%,0.91%
5455697,2022年2月24日,24182.21,39298.7711,39843,34322.28,38327.21,86.11%,10.26%,1.58%,2.05%
1880741,2022年2月4日,24112.27,39364.1389,41772.33,37026.73,41574.25,88.15%,8.49%,1.75%,1.62%
47068303,2022年5月1日,24093.04,39700.494,38675,37386.38,38468.35,17.84%,80.81%,0.11%,1.24%
8243841,2022年2月28日,23954.05,39772.5294,44225.84,37450.17,43160,25.38%,73.15%,0.61%,0.85%
4532621,2022年1月29日,23940.2,39790.98135,38720.74,37268.44,38166.84,90.06%,8.00%,0.80%,1.14%
3935764,2022年5月4日,23933.09,39804.04225,40023.77,37670,39690,52.91%,43.43%,1.00%,2.65%
3998247,2022年3月14日,23856.15,39855.10425,39947.12,37555,39671.37,81.00%,15.42%,1.31%,2.27%
1954863,2022年1月31日,23845.25,39965.24625,38744,36632.61,38466.9,91.96%,4.76%,1.29%,1.99%
2288143,2022年3月8日,23810.98,40077.35055,39362.08,37867.65,38730.63,85.69%,10.40%,1.95%,1.96%
2396019,2022年4月27日,23777.28,40208.8352,39474.72,37881.31,39235.72,73.14%,22.46%,1.96%,2.44%
3114654,2022年1月30日,23743.37,40266.00565,38359.26,37351.63,37881.76,93.60%,4.00%,1.05%,1.35%
3203287,2022年2月23日,23731.41,40332.99815,39249.93,37036.79,37250.01,75.14%,21.62%,1.41%,1.84%
4628138,2022年2月25日,23644.64,40436.7574,39683.53,38014.37,39219.17,76.47%,20.81%,1.18%,1.54%
3678682,2022年2月21日,23629.76,40498.16895,39494.35,36800,37008.16,66.35%,31.13%,1.23%,1.30%
2260001,2022年3月7日,23554.85,40533.944,39547.57,37155,37988,82.41%,13.21%,1.96%,2.43%
1623452,2022年2月1日,23517.72,40582.5795,39265.2,38000,38694.59,86.53%,9.77%,2.00%,1.71%
12521863,2022年5月2日,23492.09,40584.10925,39167.34,38052,38525.16,32.39%,66.19%,0.38%,1.04%
6547510,2022年5月3日,23489.33,40644.0438,38651.51,37517.8,37728.95,42.45%,55.65%,0.66%,1.24%
1590713,2022年4月30日,23465.32,40718.89605,38795.38,37578.2,37630.8,69.96%,22.48%,2.20%,5.37%
1749213,2022年2月2日,23431.9,40822.79245,38855.92,36586.95,36896.36,86.08%,8.96%,1.99%,2.97%
4343025,2022年3月12日,23398.48,40859.69635,39486.71,38660.52,38807.36,60.16%,35.30%,0.98%,3.56%
3350171,2022年3月9日,23342.66,40860.81465,42594.06,38656.45,41941.71,88.94%,7.81%,1.57%,1.68%
4408680,2022年3月13日,23327.66,40941.75425,39310,37578.51,37777.34,74.51%,22.67%,0.98%,1.83%
12133964,2022年2月27日,23313.56,41268.15015,39855.7,37000,37699.07,16.60%,82.50%,0.40%,0.50%
2026960,2022年3月5日,23296.36,41301.82575,39613.24,38407.59,39397.96,78.86%,16.56%,1.97%,2.61%
5530545,2022年2月26日,23266.9,41376.2138,40348.45,38573.18,39116.72,45.40%,52.65%,0.76%,1.19%
2262230,2022年4月28日,23242.42,41393.6846,40372.63,38881.43,39742.07,64.05%,29.98%,1.98%,3.99%
2488945,2022年3月16日,23223.3,41440.74815,41718,38828.48,41114,74.59%,21.70%,1.77%,1.95%
1012463,2022年3月6日,23191.45,41564.85835,39693.87,38088.57,38420.81,57.94%,30.51%,3.84%,7.71%
7102420,2022年3月11日,23184.04,41590.22055,40236.26,38223.6,38729.57,70.33%,25.69%,0.80%,3.18%
1402648,2022年4月24日,23174.39,41610.89855,39940,38929.62,39450.13,75.17%,19.99%,2.80%,2.04%
1920813,2022年4月25日,23157.07,41619.8766,40616,38200,40426.08,68.53%,23.74%,2.39%,5.34%
3306354,2022年4月12日,23152.19,41704.62475,40699,39254.63,40074.94,52.99%,43.56%,1.46%,1.99%
3479038,2022年3月15日,23151.32,41853.29535,39887.61,38098.33,39280.33,76.10%,20.63%,1.46%,1.81%
2112079,2022年4月18日,23141.57,41860.40605,41116.73,38536.51,40801.13,80.43%,15.67%,1.93%,1.97%
5583977,2022年5月5日,23125.13,41872.95,39845.51,35571.9,36552.97,75.89%,21.39%,0.88%,1.85%
1599648,2022年4月23日,23074.16,41893.19545,39980,39285,39441.6,77.08%,18.34%,2.34%,2.24%
4214234,2021年8月5日,23060.42,41907.94435,41350,37332.7,40862.46,84.06%,12.96%,1.16%,1.83%
3531945,2022年4月29日,23021.4,41927.8733,39925.25,38175,38596.11,84.31%,9.95%,1.19%,4.55%
4988171,2022年4月15日,23009.65,42139.20035,40870.36,39766.4,40551.9,70.95%,26.30%,0.87%,1.89%
2488127,2022年2月19日,22985.93,42173.04475,40444.32,39639.03,40079.17,74.23%,21.97%,1.78%,2.03%
3530840,2022年4月13日,22961.85,42279.07225,41561.31,39588.54,41147.79,61.46%,36.04%,1.22%,1.28%
2348159,2022年2月20日,22954.31,42283.52435,40125.44,38000,38386.89,68.95%,27.44%,1.74%,1.86%
2860562,2022年4月17日,22954.21,42599.5285,40595.67,39546.17,39678.12,77.37%,19.99%,1.22%,1.42%
3117919,2022年4月26日,22932.91,42649.5144,40797.31,37702.26,38112.65,81.59%,14.20%,1.70%,2.51%
1562467,2022年4月22日,22917.81,42706.41055,40795.06,39177,39709.18,69.81%,25.83%,2.33%,2.03%
2871701,2022年2月18日,22827.38,42744.07405,40959.88,39450,39974.44,80.17%,16.03%,1.80%,2.00%
2996047,2022年4月16日,22816.91,42782.2545,40709.35,39991.55,40378.71,61.99%,35.36%,1.20%,1.45%
2654970,2022年1月21日,22783.35,42918.3706,41100,35440.45,36445.31,86.03%,9.89%,2.06%,2.01%
5233660,2021年9月22日,22762.52,42974.46495,44000.55,40565.39,43543.61,79.69%,15.91%,1.32%,3.08%
1896475,2022年4月19日,22706.02,43045.19215,41760,40571,41493.18,78.21%,17.73%,2.09%,1.97%
3623242,2021年8月6日,22684.83,43109.8953,43392.43,39853.86,42836.87,80.27%,14.37%,1.45%,3.91%
4020323,2022年3月18日,22666,43168.37395,42325.02,40135.04,41757.51,57.07%,39.10%,1.31%,2.51%
3254602,2022年3月22日,22631.94,43257.3843,43361,40875.51,42364.13,63.45%,33.83%,1.31%,1.41%
5155379,2021年9月29日,22622.41,43281.38555,42590,40753.88,41524.28,86.07%,7.87%,1.40%,4.66%
2360500,2022年3月17日,22583.72,43375.28055,41478.82,40500,40917.9,81.31%,15.04%,1.86%,1.79%
3637798,2022年4月14日,22577.13,43410.9079,41500,39551.94,39942.38,61.11%,32.84%,1.33%,4.72%
3470309,2022年3月21日,22485.27,43531.52605,41544.22,40467.94,41002.25,53.68%,43.68%,1.24%,1.40%
1830929,2022年4月21日,22448.58,43632.89045,42976,39751,40480.01,75.34%,20.03%,2.31%,2.32%
1853996,2022年2月6日,22432.58,43658.643,42656,41116.56,42380.87,83.48%,7.23%,2.01%,7.27%
2145592,2022年4月20日,22430.24,43775.31545,42199,40820,41358.19,79.20%,17.20%,1.93%,1.68%
3894027,2021年9月30日,22409.41,43808.12595,44141.37,41410.17,43824.1,87.52%,8.49%,1.36%,2.64%
4420117,2022年1月8日,22395.44,43852.6364,42300,40501,41679.74,70.03%,27.81%,0.95%,1.21%
2085766,2022年2月5日,22354.34,43858.1435,41913.69,40843.01,41382.59,86.77%,9.20%,1.89%,2.15%
3125215,2022年1月20日,22346.57,43951.3,43505,40553.31,40680.91,88.57%,9.12%,1.27%,1.04%
8261467,2022年1月9日,22199.84,43972.1257,42786.7,41200.02,41864.62,81.75%,15.74%,0.74%,1.77%
10162705,2022年3月19日,22198.56,44054.17305,42400,41499.29,42201.13,33.22%,65.02%,0.50%,1.25%
7126846,2022年1月11日,22136.42,44122.72695,43100,41268.93,42729.29,68.58%,22.43%,0.97%,8.02%
8486249,2022年1月10日,21998.05,44167.1741,42248.5,39650,41822.49,77.42%,19.82%,0.84%,1.91%
6955872,2022年3月10日,21862.02,44248.4935,42039.63,38539.73,39422,59.07%,35.64%,0.88%,4.41%
4243504,2022年2月14日,21826.87,44366.60075,42842.4,41550.56,42535.94,93.26%,4.50%,1.00%,1.24%
4961401,2021年9月28日,21797.83,44465.45425,42787.38,40888,41026.54,77.22%,17.91%,1.46%,3.40%
4491025,2022年4月11日,21782.37,44477.58675,42414.71,39200,39530.45,36.28%,61.21%,0.99%,1.52%
6139669,2022年3月20日,21774.63,44522.19215,42296.26,40911,41262.11,31.70%,66.04%,0.69%,1.57%
2747682,2022年1月18日,21704.37,44522.71965,42691,41250,42352.12,77.40%,19.69%,1.47%,1.45%
3002960,2022年2月13日,21647.21,44539.85285,42760,41870,42053.66,86.72%,8.86%,2.21%,2.22%
5217107,2022年4月9日,21625.19,44575.8811,42800,42125.48,42753.97,39.81%,58.59%,0.78%,0.82%
3477299,2022年1月19日,21624.99,44681.4866,42559.13,41138.56,41660.01,86.20%,11.71%,1.11%,0.97%
3844501,2022年3月23日,21594.75,44694.15715,43025.96,41751.47,42882.76,66.74%,31.29%,1.00%,0.97%
4651373,2022年2月12日,21592.15,44704.28515,43079.49,41688.88,42217.87,92.08%,5.88%,0.94%,1.10%
1782333,2022年2月7日,21559.04,44711.81785,44500.5,41645.85,43839.99,85.89%,7.47%,2.45%,4.19%
2883989,2022年3月4日,21529.11,44788.97,42527.3,38550,39148.66,68.89%,27.06%,1.73%,2.31%
2487728,2022年2月15日,21516.7,44875.4167,44751.4,42427.03,44544.86,69.49%,26.17%,1.58%,2.76%
3731362,2022年1月14日,21491.18,44899.05925,43448.78,41725.95,43059.96,72.91%,23.86%,1.23%,2.00%
6886229,2021年9月26日,21400.75,45017.51465,43950,40750,43160.9,85.39%,9.01%,1.65%,3.95%
5965249,2022年1月12日,21368.05,45079.40095,44322,42450,43902.66,74.53%,23.31%,0.84%,1.33%
5756259,2022年4月10日,21361.62,45105.4278,43410.3,41868,42158.85,32.06%,66.44%,0.66%,0.84%
12701773,2021年9月25日,21310.9,45165.1619,42966.84,41646.28,42670.64,92.35%,3.84%,0.88%,2.93%
4336763,2021年8月7日,21299.37,45192.89785,44700,42446.41,44572.54,86.75%,9.19%,1.46%,2.60%
3531951,2022年3月24日,21254.67,45241.3118,44220.89,42560.46,43991.46,56.38%,41.49%,1.17%,0.96%
4280088,2021年9月21日,21237.68,45382.5552,43639,39600,40734.38,87.05%,9.21%,1.24%,2.50%
4315893,2022年1月15日,21195.6,45428.2578,43800,42555,43084.29,86.43%,11.33%,0.82%,1.42%
3176507,2022年1月17日,21185.65,45440.6013,43176.18,41540.42,42201.62,77.81%,19.75%,1.18%,1.26%
5597773,2022年1月7日,21148.52,45451.8265,43145.83,40610,41566.48,53.04%,45.07%,0.82%,1.06%
3327653,2022年1月16日,21140.07,45453.92595,43475,42581.79,43071.66,81.42%,16.23%,1.03%,1.31%
6668204,2022年3月1日,21132.29,45533.8,44949,42809.98,44421.2,52.45%,44.28%,1.11%,2.15%
9657049,2021年9月27日,21110.12,45534.7495,44350,42098,42147.35,88.58%,7.13%,1.01%,3.28%
2802935,2022年4月7日,21071.59,45544.84585,43900.99,42727.35,43444.19,78.35%,18.06%,1.56%,2.03%
2704181,2022年4月8日,21038.08,45833.631,43970.62,42107.14,42252.01,68.91%,27.29%,1.50%,2.30%
7015425,2022年1月6日,20952.76,45840.9527,43816,42430.58,43082.31,43.14%,54.30%,0.84%,1.72%
3486871,2022年2月11日,20905.58,45887.6892,43920,41938.51,42373.73,87.48%,9.37%,1.36%,1.79%
4525736,2021年9月23日,20872.99,45941.42035,44978,43069.09,44865.26,86.56%,10.35%,1.23%,1.86%
9985707,2021年8月9日,20861.11,46203.0498,46454.15,42779,46253.4,92.41%,5.49%,0.65%,1.45%
2870466,2021年10月1日,20834.39,46230.11055,48495,43283.03,48141.61,81.98%,13.38%,1.71%,2.93%
7749559,2022年2月8日,20830.04,46251.18945,45492,42666,44042.99,80.81%,17.21%,0.68%,1.31%
2522911,2022年2月17日,20809.68,46286.6058,44164.71,40073.21,40515.7,75.99%,19.56%,1.70%,2.76%
8174338,2022年3月3日,20799.58,46307.10445,44101.12,41832.28,42454,81.63%,16.46%,0.65%,1.26%
4291281,2022年1月13日,20771.61,46317.29575,44500,42311.22,42560.11,74.40%,22.64%,1.11%,1.85%
7329145,2022年3月25日,20742.57,46410.9903,45094.14,43579,44313.16,28.44%,69.56%,0.81%,1.19%
6950056,2022年2月9日,20723.51,46465.365,44799,43117.92,44372.72,76.42%,20.13%,0.74%,2.71%
12202305,2022年3月26日,20677.47,46750.3838,44792.99,44071.97,44511.27,28.08%,70.82%,0.49%,0.61%
8799918,2022年2月10日,20627.48,46813.20905,45821,43174.01,43495.44,81.46%,16.31%,0.60%,1.62%
4258833,2021年8月13日,20591.84,46842.0633,47886,44217.39,47800,87.71%,8.47%,1.40%,2.42%
8782426,2022年3月2日,20590.67,46864.366,45400,43334.09,43892.98,69.62%,28.38%,0.68%,1.32%
7869986,2022年3月27日,20588.84,46959.38985,46999,44421.46,46827.76,31.79%,66.94%,0.57%,0.69%
4034345,2022年2月16日,20574,46994.81675,44549.97,43307,43873.56,77.21%,20.35%,0.99%,1.45%
3319499,2021年8月8日,20573.9,47024.0297,45310,43261,43794.37,82.99%,12.57%,1.69%,2.75%
3994628,2021年8月18日,20564.51,47154.22725,46000,44203.28,44705.29,84.96%,10.02%,1.45%,3.58%
5047663,2021年8月19日,20490.74,47157.83535,47033,43927.7,46760.62,88.13%,7.94%,1.29%,2.63%
6926101,2021年9月11日,20482.81,47308.521,45987.93,44722.22,45173.69,87.13%,10.52%,0.86%,1.49%
6922489,2021年9月24日,20468.81,47332.8493,45200,40675,42810.57,88.45%,6.07%,1.31%,4.17%
4843308,2021年9月14日,20455.73,47412.4596,47250,44594.44,47111.52,81.87%,13.73%,1.32%,3.08%
5571853,2021年9月12日,20400.6,47658.2324,46460,44742.06,46025.24,83.67%,13.58%,1.05%,1.70%
3275005,2022年4月6日,20362.21,47999.9047,45507.14,43121,43170.47,49.35%,47.20%,1.30%,2.15%
2645201,2022年4月1日,20337.82,48013.41925,46720.09,44200,46283.49,64.01%,32.26%,1.61%,2.12%
6142785,2021年8月12日,20295.11,48013.75685,46218.12,43770,44399,86.56%,10.42%,1.20%,1.82%
5668755,2021年8月11日,20287.2,48092.175,46743.47,45341.14,45511,86.70%,9.98%,1.22%,2.09%
2597955,2022年4月3日,20281.28,48330.59445,47444.11,45530.92,46407.35,64.62%,31.96%,1.31%,2.11%
6444346,2022年1月5日,20239.14,48352.77055,47070,42500,43451.13,43.54%,55.11%,0.66%,0.69%
5169306,2021年8月17日,20236.71,48425.8715,47160,44376,44695.95,88.31%,8.51%,1.14%,2.04%
5221320,2021年9月13日,20234.87,48556.61765,46880,43370,44940.73,87.28%,9.31%,1.34%,2.07%
10529107,2021年9月9日,20227.17,48580.96705,47399.97,45513.08,46395.14,92.64%,4.71%,0.84%,1.82%
5193362,2021年12月18日,20207.12,48671.19065,47392.37,45500,46834.48,65.84%,6.26%,0.87%,27.03%
2509077,2022年1月1日,20175.84,48758.86115,47954.63,46208.37,47722.65,62.38%,35.07%,1.14%,1.41%
6983681,2021年8月10日,20173.62,48792.55785,46700,44589.46,45584.99,86.38%,10.67%,1.03%,1.93%
1887377,2022年4月2日,20158.26,48829.08195,47213,45620,45811,81.50%,13.64%,2.23%,2.63%
8822853,2021年9月10日,20151.84,48946.8727,47033,44132.29,44850.91,90.70%,7.02%,0.81%,1.47%
2485875,2022年4月4日,20150.69,48959.7648,46890.71,45118,46580.51,73.98%,22.46%,1.47%,2.09%
3657886,2022年1月4日,20132.64,49000.6355,47557.54,45500,45832.01,88.71%,8.27%,1.46%,1.56%
2082483,2021年12月30日,20123,49020.2163,47900,45900,47120.87,90.16%,5.32%,2.04%,2.48%
2525867,2022年4月5日,20112.61,49142.4275,47200,45353.81,45497.55,63.99%,32.14%,1.33%,2.54%
3797892,2021年12月20日,20079.02,49248.7082,47537.57,45558.85,46914.16,87.29%,8.86%,1.35%,2.51%
3866918,2021年12月14日,20048.44,49271.4118,48700.41,46290,48343.28,83.02%,8.23%,1.68%,7.06%
4282730,2021年8月20日,20037.6,49332.4541,49382.99,46622.99,49322.47,85.19%,10.74%,1.49%,2.59%
6510235,2022年3月28日,20000.3,49403.2868,48189.84,46663.56,47122.21,48.08%,50.10%,0.97%,0.86%
4745484,2021年12月19日,19988,49410.36585,48300.01,46406.91,46681.23,66.38%,13.25%,0.95%,19.42%
6017090,2021年8月27日,19963.61,49420.2723,49149.93,46348,49069.9,69.95%,24.67%,1.06%,4.31%
13389710,2021年9月8日,19960.67,49446.34135,47340.99,44412.02,46048.31,88.29%,7.54%,1.09%,3.07%
6811259,2021年12月21日,19950.98,49494.44935,49328.96,46630,48889.88,57.59%,7.55%,0.74%,34.12%
4512704,2021年8月16日,19942.21,49557.3801,48053.83,45660,45901.29,88.06%,8.03%,1.33%,2.58%
13353956,2021年8月31日,19930.01,49566.97005,48246.11,46700,47100.89,62.12%,35.85%,0.50%,1.53%
3761014,2022年3月31日,19832.45,49656.72945,47600,45200,45510.34,58.59%,38.36%,1.27%,1.78%
4234513,2021年8月15日,19813.03,49657.2675,47372.27,45500,46973.82,88.37%,8.30%,1.21%,2.12%
6506177,2021年9月1日,19803.3,49691.43895,49156,46512,48810.52,78.10%,18.11%,1.07%,2.72%
5659821,2021年9月15日,19795.34,49693.9604,48500,46682.32,48121.41,89.02%,7.40%,1.03%,2.55%
2214818,2021年12月31日,19701.88,49712.5284,48548.26,45678,46216.93,90.28%,6.02%,1.55%,2.15%
4256678,2022年3月29日,19629.08,49713.93155,48096.47,46950.85,47434.8,49.43%,47.99%,1.25%,1.33%
3305166,2021年12月11日,19590.54,49733.2697,49485.71,46751,49389.99,86.83%,9.44%,1.53%,2.20%
4299739,2021年9月20日,19570.4,49840.04625,47347.25,42500,43015.62,86.09%,9.23%,1.23%,3.45%
4193591,2022年1月3日,19555.61,49886.9199,47570,45696,46446.1,66.28%,31.80%,0.88%,1.04%
4284841,2021年9月18日,19548.48,49901.4789,48843.2,47035.56,48292.74,83.73%,12.81%,1.24%,2.22%
3257685,2022年3月30日,19537.02,50043.70345,47700.22,46445.42,47067.99,50.44%,46.39%,1.48%,1.69%
5305399,2021年12月10日,19530.09,50150.3745,50125,46852,47140.54,92.63%,4.94%,1.06%,1.38%
2500017,2021年12月29日,19439.96,50158.6457,48139.08,46096.99,46464.66,90.70%,5.47%,1.69%,2.14%
4171236,2021年12月17日,19422.61,50252.1609,47995.96,45456,46131.2,78.85%,11.14%,1.32%,8.69%
5031373,2021年10月3日,19417.45,50254.80895,49228.08,47088,48200.01,87.00%,10.89%,0.97%,1.14%
4849738,2021年8月25日,19416.52,50296.08055,49264.3,47126.28,48973.32,76.51%,19.35%,1.48%,2.66%
3221862,2022年1月2日,19412.82,50347.4063,47990,46654,47286.18,56.73%,40.19%,1.03%,2.05%
4724615,2021年9月17日,19401.63,50363.38955,48150,46699.56,47299.98,74.97%,21.35%,1.22%,2.45%
3906638,2021年8月14日,19375.58,50428.98945,48144,45971.03,47068.51,87.01%,8.97%,1.45%,2.56%
5036652,2021年9月16日,19331.28,50768.077,48557,47021.1,47737.82,88.40%,8.01%,1.24%,2.35%
2738824,2021年10月2日,19330.6,50789.388,48336.59,47430.18,47634.9,85.10%,10.15%,1.83%,2.93%
5436118,2021年10月4日,19327.44,50851.01055,49536.12,46891,49224.94,91.37%,6.60%,0.95%,1.08%
4823318,2021年9月19日,19320.54,50948.85125,48372.83,46829.18,47241.75,83.90%,13.30%,0.97%,1.83%
5133896,2021年12月15日,19315.83,50995.48225,49500,46547,48864.98,71.38%,10.70%,1.35%,16.58%
8428300,2021年12月23日,19312.24,51260.51935,51375,47920.42,50838.81,53.34%,3.92%,0.68%,42.07%
22752021,2021年8月30日,19292.85,51450.0712,48888.61,46853,46982.91,96.89%,1.95%,0.34%,0.82%
4165859,2021年9月2日,19288.57,51495.08805,50450.13,48584.06,49246.64,86.41%,9.30%,1.56%,2.73%
3803440,2021年8月22日,19279.8,51507.0834,49500,48050,49239.22,83.40%,12.58%,1.37%,2.65%
6212063,2021年12月16日,19262.98,51552.5539,49436.43,47511,47632.38,84.39%,9.47%,1.13%,5.01%
15969229,2021年12月22日,19252.82,51576.40745,49576.13,48421.87,48588.16,26.22%,2.30%,0.72%,70.76%
12900843,2021年8月29日,19226.68,51584.59425,49632.27,47762.54,48767.83,94.83%,3.48%,0.57%,1.12%
6774477,2021年8月26日,19204.29,51666.8526,49352.84,46250,46843.87,72.95%,23.61%,1.49%,1.95%
6068838,2021年8月28日,19176.93,51768.7445,49299,48346.88,48895.35,71.16%,24.22%,1.00%,3.62%
19586246,2021年12月5日,19164.37,51855.8453,49699.05,47727.21,49396.33,96.04%,2.63%,0.49%,0.84%
5096210,2021年10月5日,19155.1,51932.30115,51886.3,49022.4,51471.99,90.05%,5.27%,1.17%,3.51%
5862334,2021年8月23日,19131.87,51947.3771,50500,49029,49488.85,79.41%,14.99%,1.88%,3.73%
3110593,2021年9月3日,19123.35,51955.19465,51000,48316.84,49999.14,85.04%,9.32%,2.16%,3.48%
3441397,2021年8月21日,19078.1,52035.20585,49757.04,48222,48821.87,82.77%,13.32%,1.55%,2.36%
6785862,2021年12月12日,19068.4,52106.43945,50777,48638,50053.9,93.89%,4.25%,0.77%,1.09%
13911666,2021年12月6日,19060,52113.1176,50891.11,47100,50441.92,95.07%,3.36%,0.66%,0.91%
5338955,2021年8月24日,19057.74,52210.73675,49860,47600,47674.01,83.90%,11.05%,1.53%,3.52%
4589267,2021年9月5日,19041.92,52663.0047,51900,49450,51756.88,84.92%,10.68%,1.33%,3.07%
4428754,2021年9月4日,18970.79,52747.89,50535.69,49370,49915.64,89.98%,6.32%,1.36%,2.34%
5747314,2021年12月13日,18921.99,52806.8645,50189.97,45672.75,46702.75,88.82%,7.95%,1.02%,2.22%
5014092,2021年12月26日,18874.31,53171.65185,51280,49412,50775.49,66.09%,3.09%,0.77%,30.05%
10152670,2021年12月7日,18846.62,53216.21505,51936.33,50039.74,50588.95,95.02%,3.25%,0.76%,0.98%
6128948,2021年12月9日,18809.13,53247.10545,50797.76,47320,47545.59,91.91%,5.77%,1.02%,1.29%
7344440,2021年12月8日,18790.61,53371.34225,51200,48600,50471.19,93.73%,4.34%,0.81%,1.11%
3155776,2021年12月28日,18545.38,53490.0192,50704.05,47313.01,47543.74,90.85%,5.94%,1.34%,1.87%
3699424,2021年12月27日,18461.36,53568.1314,52088,50449,50701.44,86.47%,3.92%,1.24%,8.36%
5562222,2021年12月25日,17943.26,53615.08945,51156.23,50142.32,50399.66,46.56%,2.72%,0.83%,49.89%
5011113,2021年12月24日,17804.01,53634.9551,51810,50384.43,50820,56.12%,4.03%,0.91%,38.94%
5420508,2021年10月6日,17775.82,54302.94945,55750,50382.41,55315,89.77%,4.79%,1.37%,4.06%
4444563,2021年9月6日,17602.45,54603.5084,52780,50969.33,52663.9,87.50%,7.84%,1.68%,2.98%
6171256,2021年9月7日,17440.64,55562.841,52920,42843.05,46863.73,86.46%,7.70%,1.62%,4.23%
8012631,2021年12月4日,17356.96,56549.10775,53859.1,42000.3,49152.47,88.50%,6.95%,1.46%,3.10%
2758767,2021年11月27日,17224.1,56678.5246,55280,53610,54721.03,81.68%,13.98%,1.86%,2.48%
7086698,2021年10月8日,17208.93,56743.4071,56100,53617.61,53951.43,93.39%,3.77%,0.96%,1.89%
4841986,2021年10月9日,17179.04,56923.23185,55489,53661.67,54949.72,87.99%,8.37%,1.38%,2.26%
4895838,2021年10月11日,17165.53,57665.25555,57839.04,54415.06,57471.35,91.71%,4.83%,1.44%,2.02%
3142748,2021年11月28日,17128.56,57725.87585,57445.05,53256.64,57274.88,85.94%,10.97%,1.47%,1.63%
6554493,2021年10月10日,17127.83,57971.9546,56561.31,54080,54659,93.00%,4.84%,0.86%,1.30%
8172716,2021年10月7日,17127.49,58357.325,55332.31,53357,53785.22,94.60%,2.55%,0.95%,1.90%
4450941,2021年10月13日,17106.65,59076.74005,57777,54167.19,57367,87.33%,3.61%,1.51%,7.55%
3627425,2021年11月23日,17092.13,59337.24065,58009.99,55317,57541.27,89.91%,6.80%,1.52%,1.78%
4840873,2021年12月3日,17088.96,59590.8943,57600,51680,53601.05,84.34%,13.18%,1.18%,1.30%
4672453,2021年11月19日,17085.05,60020.6591,58320,55600,58052.24,88.82%,8.11%,1.36%,1.71%
10473658,2021年12月1日,17069.98,60082.8408,59053.55,56458.01,57184.07,92.54%,6.33%,0.64%,0.50%
4603795,2021年11月25日,16978,60280.89595,59398.9,57000,58960.36,70.80%,13.94%,1.31%,13.94%
6492012,2021年12月2日,16966.35,60329.19385,57375.47,55777.77,56480.34,87.87%,10.24%,0.91%,0.98%
3026431,2021年11月29日,16950.31,60425.00895,58865.97,56666.67,57776.25,84.88%,10.47%,2.01%,2.64%
26235481,2021年10月15日,16943.83,60502.0767,62933,56850,61672.42,97.31%,1.67%,0.38%,0.64%
5942717,2021年10月14日,16919.39,60526.22565,58532.54,56818.05,57347.94,87.92%,2.89%,1.19%,8.00%
3807252,2021年10月12日,16900.57,60632.27425,57680,53879,55996.93,87.07%,8.51%,1.80%,2.63%
5308508,2021年11月24日,16896.15,60706.0293,57735,55837,57138.29,58.22%,9.84%,1.46%,30.48%
3590296,2021年11月30日,16885.2,60953.94375,59176.99,55875.55,56950.56,82.77%,13.47%,1.61%,2.16%
4515787,2021年11月20日,16850.36,61250.2405,59845,57353,59707.51,88.25%,9.18%,1.14%,1.43%
3314473,2021年10月28日,16836.64,61626.1792,62499,57820,60575.89,77.44%,15.40%,2.76%,4.40%
5566204,2021年11月22日,16835.73,61841.6735,59444,55610,56247.18,86.21%,11.53%,1.03%,1.23%
3818426,2021年11月26日,16832.11,62203.19035,59150,53500,53726.53,82.25%,11.04%,1.60%,5.11%
3846514,2021年11月21日,16831.85,62991.4336,60029.76,58486.65,58622.02,79.77%,17.38%,1.31%,1.54%
8935224,2021年11月17日,16824.68,63362.10785,60840.23,58373,60344.87,89.39%,8.18%,0.83%,1.59%
3443697,2021年10月27日,16821.9,63646.89455,61496,58000,58413.44,86.26%,8.99%,2.02%,2.73%
6742765,2021年11月18日,16813.16,63663.8273,60976,56474.26,56891.62,88.50%,8.94%,1.02%,1.54%
3411129,2021年10月29日,16778.52,63907.5745,62980,60174.81,62253.71,74.32%,21.05%,1.77%,2.87%
6314863,2021年10月23日,16777.54,64026.08265,61747.64,59562.15,61286.75,79.75%,14.02%,1.06%,5.17%
4220083,2021年10月25日,16739,64199.0921,63710.63,60650,63078.78,91.31%,5.01%,1.60%,2.08%
11494045,2021年10月17日,16706.06,64223.72635,61718.39,58963,61528.33,95.14%,1.98%,0.61%,2.27%
5922844,2021年11月2日,16700.68,64261.2316,64270,60624.68,63219.99,93.71%,3.65%,1.07%,1.58%
2771010,2021年11月6日,16699.43,64291.8899,61560.49,60050,61470.61,79.45%,16.06%,1.62%,2.87%
5450866,2021年10月24日,16692.56,64657.52125,61500,59510.63,60852.22,88.79%,5.99%,1.05%,4.16%
3358750,2021年11月1日,16675.65,64671.29955,62437.74,59405,60911.11,89.01%,6.64%,1.65%,2.70%
3765091,2021年11月5日,16672.78,64771.73555,62595.72,60721,60937.12,86.75%,9.20%,1.45%,2.60%
3743208,2021年11月7日,16661.61,64851.5041,63286.35,61322.78,63273.59,76.26%,20.93%,1.28%,1.53%
8767672,2021年10月18日,16633.47,64912.3776,62695.78,59844.45,62009.84,91.98%,5.00%,0.85%,2.17%
15982152,2021年10月16日,16631.5,65064.4031,62378.42,60150,60875.57,93.98%,2.20%,0.63%,3.19%
2354108,2021年10月31日,16617.72,65261.44545,62405.3,59945.36,61299.8,90.21%,4.70%,2.12%,2.97%
6526099,2021年10月19日,16617.17,65415.908,64486,61322.22,64280.59,93.53%,3.55%,1.16%,1.77%
14909823,2021年10月22日,16607.48,65613.77325,63732.39,60000,60688.22,41.48%,48.16%,0.81%,9.55%
3141801,2021年10月30日,16603.11,65677.6535,62359.25,60673,61859.19,90.74%,4.95%,1.66%,2.65%
3419129,2021年11月4日,16599.55,66355.79695,63086.31,60677.01,61395.01,82.13%,14.14%,1.73%,2.00%
4042803,2021年10月26日,16547.32,66548.1129,63293.48,59817.55,60328.81,90.24%,5.78%,1.70%,2.27%
4224504,2021年11月3日,16541.77,66697.70135,63500,60382.76,62896.48,90.82%,5.85%,1.45%,1.87%
3589195,2021年11月8日,16521.35,66753.6269,67789,63273.58,67525.83,77.96%,17.71%,1.66%,2.68%
6873530,2021年11月16日,16457.61,67105.10015,63617.31,58574.07,60058.87,75.09%,21.34%,1.16%,2.41%
3488788,2021年11月13日,16442.91,67648.9421,65000,63360.22,64380,78.37%,16.66%,2.25%,2.72%
8114604,2021年10月20日,16438.88,67816.02245,67000,63481.4,66001.41,91.50%,3.25%,1.50%,3.75%
8018473,2021年11月14日,16428.77,67920.91055,65550.51,63576.27,65519.1,87.72%,9.37%,0.90%,2.00%
4003986,2021年11月12日,16331.78,68336.83375,65450.7,62278,64122.23,77.14%,19.48%,1.36%,2.02%
4092727,2021年11月11日,16279.5,68450.9531,65600.07,64100,64774.26,82.75%,13.62%,1.47%,2.16%
6918210,2021年11月15日,16227.96,69122.66105,66401.82,63400,63606.74,90.22%,6.65%,1.18%,1.95%
14442539,2021年10月21日,16212.18,69631.477,66639.74,62000,62193.15,61.75%,11.66%,1.09%,25.51%
4316689,2021年11月10日,15922.68,70629.79185,69000,62822.9,64882.43,76.60%,19.32%,1.59%,2.49%
4423952,2021年11月9日,15781.29,71239.7401,68524.25,66222.4,66947.66,74.73%,18.97%,1.93%,4.36%
